{"cameraMode":{"drawMode":0,"name":"Shaded","section":"Shading Mode"},"sceneLighting":false,"audioPlay":false,"sceneViewState":{"showFog":true,"showMaterialUpdate":false,"showSkybox":true,"showFlares":true,"showImageEffects":true,"showParticleSystems":true},"in2DMode":false,"pivot":{"x":-5.59999942779541,"y":10.600000381469727,"z":-61.400001525878909},"rotation":{"x":0.3001032769680023,"y":-0.12402597069740296,"z":0.03938732668757439,"w":0.944989025592804},"size":23.46710205078125,"orthographic":false}